{"cameraMode":{"drawMode":0,"name":"Shaded","section":"Shading Mode"},"sceneLighting":true,"audioPlay":false,"sceneViewState":{"m_AlwaysRefresh":false,"showFog":true,"showSkybox":true,"showFlares":true,"showImageEffects":true,"showParticleSystems":true,"showVisualEffectGraphs":true,"m_FxEnabled":true},"in2DMode":false,"pivot":{"x":7.234334468841553,"y":3.3406825065612795,"z":5.105199813842773},"rotation":{"x":-0.005307902581989765,"y":-0.9567770957946777,"z":0.01752421446144581,"w":-0.2905336618423462},"size":3.8030338287353517,"orthographic":false}